generated_at_utc,municipality,lat,lon,region,elevation_m,coastal,source_status,base_precip_24h_in,precip_probability_avg,precip_probability_max,base_temp_f,relative_humidity,wind_speed_mph,wind_dir_deg,periods_used,mrms_qpe_24h_in,mrms_status,nearby_gage_stage_ft,nearby_gage_flow_cfs,nearest_gage_miles,active_nws_alerts,month,hour,pw_in,dust_index,mrms_qpe_1h_in,mrms_qpe_3h_in,mrms_qpe_6h_in,soil_proxy_7d_in,predicted_bias_in,corrected_precip_24h_in,ensemble_spread_in,precip_p10_in,precip_p90_in,rf_p10_in,rf_p90_in,prob_ge_1in,prob_ge_2in,prob_ge_4in,month_sin,month_cos,hour_sin,hour_cos,base_heat_index_f,wind_u_proxy,wind_v_proxy,northness,westness,region_north_coast,region_south_coast,region_west,region_east,region_central_mountains,rain_risk,operational_risk_score,impact_level,heat_risk,quality_flag,data_completeness_pct,immersive_tower_height,uncertainty_band_in,confidence_score,action_priority,school_ops_signal,road_flood_signal,river_signal,heat_signal,ai_zone_label,immersive_version,municipality_display,is_focus_municipality,focus_reason,priority_group,impact_explained,action_explained,plain_language_summary,screen_reader_label,accessible_version,wind_direction_text,wind_arrow,rain_rate_est_in_hr,rapid_update_status,realtime_version,weather_plain_text,temperature_f,feels_like_f,heat_risk_level,heat_action,temperature_version,temperature_plain_text
2026-07-03T21:41:18+00:00,Juana Diaz,18.053,-66.506,south_coast,65,1,pop_proxy_no_qpf,0.043,4.5,20.0,83.9,66,10.4,86.2,24,0.0,ok,4.4,6.2,0.342052049080461,0,7,17,1.9,0.2,0.0,0.0,0.0,0.0,0.4456560614584761,0.4886560614584761,0.4600322163803507,0.0,1.022715873629588,0.102,1.6829999999999994,0.0,0.0,0.0,-0.4999999999999997,-0.8660254037844388,-0.9659258262890684,-0.2588190451025206,89.12252310058915,0.0662739004,0.99780146829205,-0.1469999999999984,0.206000000000003,0,1,0,0,0,bajo,7.575216676043238,bajo,bajo,pop_proxy_no_qpf,100.0,135.2,1.02,83.0,1,operación normal,sin señal crítica,sin señal crítica,sin señal crítica,south_coast / prioridad 1,0.6.0,Juana Díaz,True,"pueblo prioritario del usuario; zona sur con riesgo de calor, lluvia intensa localizada y escorrentías rápidas",Pueblos prioritarios,Condición general baja. Mantener monitoreo de rutina.,Monitoreo normal,"Juana Díaz: riesgo 8 de 100, lluvia estimada 0.49 pulgadas en 24 horas. Nivel bajo. Acción sugerida: Monitoreo normal. Condición general baja. Mantener monitoreo de rutina.","Juana Díaz: temperatura 83.9 °F, sensación 89.1 °F, lluvia 24h 0.49 pulgadas, viento 10.4 mph desde E, riesgo operacional 8 de 100.",0.8.0,E,←,0.02,actualizable cada minuto,0.9.0,"Juana Díaz: temperatura 83.9 °F, sensación 89.1 °F, lluvia 24h 0.49 pulgadas, viento 10.4 mph desde E, riesgo operacional 8 de 100.",83.9,89.1,bajo,Monitoreo normal.,1.0.0,"Juana Díaz: temperatura 83.9 °F, sensación térmica 89.1 °F, humedad 66 %, riesgo de calor bajo. Monitoreo normal."
2026-07-03T21:41:18+00:00,Ponce,18.011,-66.614,south_coast,15,1,pop_proxy_no_qpf,0.046,4.8,20.0,85.5,63,10.6,90.9,24,0.0,ok,2.26,3.11,2.30375830736528,0,7,17,1.9,0.2,0.0,0.0,0.0,0.0,0.3889891584343858,0.4349891584343858,0.4950884566592139,0.0,1.0214965402962548,0.0959999999999999,1.6793333333333331,0.0,0.0,0.0,-0.4999999999999997,-0.8660254037844388,-0.9659258262890684,-0.2588190451025206,91.34068859879994,-0.0157073173118207,0.9998766324816606,-0.189,0.3140000000000071,0,1,0,0,0,bajo,5.914880742778244,bajo,bajo,pop_proxy_no_qpf,100.0,124.8,1.02,82.0,1,operación normal,sin señal crítica,sin señal crítica,sin señal crítica,south_coast / prioridad 1,0.6.0,Ponce,True,"ciudad principal del sur; vulnerabilidad a lluvia extrema, calor, crecidas urbanas y eventos costeros",Pueblos prioritarios,Condición general baja. Mantener monitoreo de rutina.,Monitoreo normal,"Ponce: riesgo 6 de 100, lluvia estimada 0.43 pulgadas en 24 horas. Nivel bajo. Acción sugerida: Monitoreo normal. Condición general baja. Mantener monitoreo de rutina.","Ponce: temperatura 85.5 °F, sensación 91.3 °F, lluvia 24h 0.43 pulgadas, viento 10.6 mph desde E, riesgo operacional 6 de 100.",0.8.0,E,←,0.018,actualizable cada minuto,0.9.0,"Ponce: temperatura 85.5 °F, sensación 91.3 °F, lluvia 24h 0.43 pulgadas, viento 10.6 mph desde E, riesgo operacional 6 de 100.",85.5,91.3,vigilancia,Observar cambios durante la tarde y preparar comunicación preventiva si aumenta el calor.,1.0.0,"Ponce: temperatura 85.5 °F, sensación térmica 91.3 °F, humedad 63 %, riesgo de calor vigilancia. Observar cambios durante la tarde y preparar comunicación preventiva si aumenta el calor."
2026-07-03T21:41:18+00:00,San German,18.082,-67.044,west,88,0,pop_proxy_no_qpf,0.084,8.8,30.0,82.8,80,9.5,102.2,24,0.0,ok,2.65,19.2,2.613711534410094,0,7,17,1.9,0.2,0.0,0.0,0.0,0.0,0.6556912019118271,0.739691201911827,0.355898957517249,0.0426099912437824,1.1822432919307015,0.1465,1.7839999999999998,0.2,0.0,0.0,-0.4999999999999997,-0.8660254037844388,-0.9659258262890684,-0.2588190451025206,90.88198991347598,-0.2113247964553886,0.977415894286096,-0.1179999999999985,0.7439999999999998,0,0,1,0,0,bajo,9.461603221030096,bajo,bajo,pop_proxy_no_qpf,100.0,166.0,1.14,83.0,1,operación normal,sin señal crítica,sin señal crítica,sin señal crítica,west / prioridad 1,0.6.0,San Germán,True,zona oeste/suroeste; relevancia institucional y exposición a lluvia orográfica/local,Pueblos prioritarios,Condición general baja. Mantener monitoreo de rutina.,Monitoreo normal,"San Germán: riesgo 9 de 100, lluvia estimada 0.74 pulgadas en 24 horas. Nivel bajo. Acción sugerida: Monitoreo normal. Condición general baja. Mantener monitoreo de rutina.","San Germán: temperatura 82.8 °F, sensación 90.9 °F, lluvia 24h 0.74 pulgadas, viento 9.5 mph desde ESE, riesgo operacional 9 de 100.",0.8.0,ESE,←,0.031,actualizable cada minuto,0.9.0,"San Germán: temperatura 82.8 °F, sensación 90.9 °F, lluvia 24h 0.74 pulgadas, viento 9.5 mph desde ESE, riesgo operacional 9 de 100.",82.8,90.9,vigilancia,Observar cambios durante la tarde y preparar comunicación preventiva si aumenta el calor.,1.0.0,"San Germán: temperatura 82.8 °F, sensación térmica 90.9 °F, humedad 80 %, riesgo de calor vigilancia. Observar cambios durante la tarde y preparar comunicación preventiva si aumenta el calor."
2026-07-03T21:41:18+00:00,San Juan,18.465,-66.105,north_coast,8,1,pop_proxy_no_qpf,0.248,25.8,50.0,82.5,82,13.2,90.0,24,0.0,ok,2.71,2.19,3.4199108270836267,0,7,17,1.9,0.2,0.0,0.0,0.0,0.0,0.4428053683354819,0.690805368335482,0.3782190952693871,0.0,1.2006825402962549,0.298,1.948,0.2,0.0,0.0,-0.4999999999999997,-0.8660254037844388,-0.9659258262890684,-0.2588190451025206,90.45889728812496,6.123233995736766e-17,1.0,0.2650000000000005,-0.1949999999999931,1,0,0,0,0,bajo,8.953859051690301,bajo,bajo,pop_proxy_no_qpf,100.0,159.7,1.2,82.0,1,operación normal,sin señal crítica,sin señal crítica,sin señal crítica,north_coast / prioridad 1,0.6.0,San Juan,True,"zona metropolitana; alta exposición poblacional, operación institucional y carreteras críticas",Pueblos prioritarios,Condición general baja. Mantener monitoreo de rutina.,Monitoreo normal,"San Juan: riesgo 9 de 100, lluvia estimada 0.69 pulgadas en 24 horas. Nivel bajo. Acción sugerida: Monitoreo normal. Condición general baja. Mantener monitoreo de rutina.","San Juan: temperatura 82.5 °F, sensación 90.5 °F, lluvia 24h 0.69 pulgadas, viento 13.2 mph desde E, riesgo operacional 9 de 100.",0.8.0,E,←,0.029,actualizable cada minuto,0.9.0,"San Juan: temperatura 82.5 °F, sensación 90.5 °F, lluvia 24h 0.69 pulgadas, viento 13.2 mph desde E, riesgo operacional 9 de 100.",82.5,90.5,vigilancia,Observar cambios durante la tarde y preparar comunicación preventiva si aumenta el calor.,1.0.0,"San Juan: temperatura 82.5 °F, sensación térmica 90.5 °F, humedad 82 %, riesgo de calor vigilancia. Observar cambios durante la tarde y preparar comunicación preventiva si aumenta el calor."
2026-07-03T21:41:18+00:00,Adjuntas,18.163,-66.723,central_mountains,494,0,pop_proxy_no_qpf,0.12,12.5,50.0,76.3,82,5.4,112.5,24,12.5,ok,4.06,40.8,5.610425642234086,0,7,17,1.9,0.2,0.0,0.0,0.0,0.0,0.5698700813913945,0.6898700813913945,0.6200990444868554,0.0,1.3065963022010163,0.3199999999999999,1.9875,0.2,0.0,0.0,-0.4999999999999997,-0.8660254037844388,-0.9659258262890684,-0.2588190451025206,76.3,-0.3826834323650897,0.9238795325112868,-0.036999999999999,0.4230000000000018,0,0,0,0,1,bajo,24.52919940274198,vigilancia,bajo,pop_proxy_no_qpf;mrms_forecast_gap,100.0,243.6,1.31,77.0,3,preparar comunicación preventiva,sin señal crítica,sin señal crítica,sin señal crítica,central_mountains / prioridad 3,0.6.0,Adjuntas,False,,Otros municipios,Condición que merece observación. Preparar comunicación preventiva si el evento aumenta.,Preparar comunicación preventiva,"Adjuntas: riesgo 25 de 100, lluvia estimada 0.69 pulgadas en 24 horas. Nivel vigilancia. Acción sugerida: Preparar comunicación preventiva. Condición que merece observación. Preparar comunicación preventiva si el evento aumenta.","Adjuntas: temperatura 76.3 °F, sensación 76.3 °F, lluvia 24h 0.69 pulgadas, viento 5.4 mph desde ESE, riesgo operacional 25 de 100.",0.8.0,ESE,↖,0.029,actualizable cada minuto,0.9.0,"Adjuntas: temperatura 76.3 °F, sensación 76.3 °F, lluvia 24h 0.69 pulgadas, viento 5.4 mph desde ESE, riesgo operacional 25 de 100.",76.3,76.3,bajo,Monitoreo normal.,1.0.0,"Adjuntas: temperatura 76.3 °F, sensación térmica 76.3 °F, humedad 82 %, riesgo de calor bajo. Monitoreo normal."
2026-07-03T21:41:18+00:00,Aguada,18.379,-67.188,west,18,1,pop_proxy_no_qpf,0.178,18.6,80.0,82.3,82,6.8,78.8,24,27.3,ok,15.7,-999999.0,2.639938549879876,0,7,17,1.9,0.2,0.0,0.0,0.0,0.0,0.6141905382544945,0.7921905382544945,0.3337093545075866,0.1365140040936308,1.2141607307724451,0.2472499999999999,1.878,0.2,0.0,0.0,-0.4999999999999997,-0.8660254037844388,-0.9659258262890684,-0.2588190451025206,90.10680222190896,0.1942343512199721,0.9809551553491916,0.179000000000002,0.8880000000000052,0,0,1,0,0,bajo,30.56409592079944,vigilancia,bajo,pop_proxy_no_qpf;mrms_forecast_gap,100.0,255.3,1.08,84.0,3,preparar comunicación preventiva,sin señal crítica,vigilar ríos/quebradas,sin señal crítica,west / prioridad 3,0.6.0,Aguada,False,,Otros municipios,Condición que merece observación. Preparar comunicación preventiva si el evento aumenta.,Preparar comunicación preventiva,"Aguada: riesgo 31 de 100, lluvia estimada 0.79 pulgadas en 24 horas. Nivel vigilancia. Acción sugerida: Preparar comunicación preventiva. Condición que merece observación. Preparar comunicación preventiva si el evento aumenta.","Aguada: temperatura 82.3 °F, sensación 90.1 °F, lluvia 24h 0.79 pulgadas, viento 6.8 mph desde E, riesgo operacional 31 de 100.",0.8.0,E,←,0.033,actualizable cada minuto,0.9.0,"Aguada: temperatura 82.3 °F, sensación 90.1 °F, lluvia 24h 0.79 pulgadas, viento 6.8 mph desde E, riesgo operacional 31 de 100.",82.3,90.1,vigilancia,Observar cambios durante la tarde y preparar comunicación preventiva si aumenta el calor.,1.0.0,"Aguada: temperatura 82.3 °F, sensación térmica 90.1 °F, humedad 82 %, riesgo de calor vigilancia. Observar cambios durante la tarde y preparar comunicación preventiva si aumenta el calor."
2026-07-03T21:41:18+00:00,Aguadilla,18.427,-67.154,west,30,1,pop_proxy_no_qpf,0.167,17.4,90.0,82.9,76,8.0,81.6,24,12.4,ok,1.3,5.77,1.884654455280456,0,7,17,1.9,0.2,0.0,0.0,0.0,0.0,0.5940538025880974,0.7610538025880974,0.3252791010359824,0.1123122050323742,1.1800149212486355,0.23625,1.8069999999999995,0.0,0.0,0.0,-0.4999999999999997,-0.8660254037844388,-0.9659258262890684,-0.2588190451025206,89.96665851607617,0.1460830285624116,0.9892723329629884,0.2270000000000003,0.8539999999999992,0,0,1,0,0,bajo,23.02159182846907,vigilancia,bajo,pop_proxy_no_qpf;mrms_forecast_gap,100.0,220.3,1.07,85.0,3,preparar comunicación preventiva,sin señal crítica,sin señal crítica,sin señal crítica,west / prioridad 3,0.6.0,Aguadilla,False,,Otros municipios,Condición que merece observación. Preparar comunicación preventiva si el evento aumenta.,Preparar comunicación preventiva,"Aguadilla: riesgo 23 de 100, lluvia estimada 0.76 pulgadas en 24 horas. Nivel vigilancia. Acción sugerida: Preparar comunicación preventiva. Condición que merece observación. Preparar comunicación preventiva si el evento aumenta.","Aguadilla: temperatura 82.9 °F, sensación 90.0 °F, lluvia 24h 0.76 pulgadas, viento 8.0 mph desde E, riesgo operacional 23 de 100.",0.8.0,E,←,0.032,actualizable cada minuto,0.9.0,"Aguadilla: temperatura 82.9 °F, sensación 90.0 °F, lluvia 24h 0.76 pulgadas, viento 8.0 mph desde E, riesgo operacional 23 de 100.",82.9,90.0,vigilancia,Observar cambios durante la tarde y preparar comunicación preventiva si aumenta el calor.,1.0.0,"Aguadilla: temperatura 82.9 °F, sensación térmica 90.0 °F, humedad 76 %, riesgo de calor vigilancia. Observar cambios durante la tarde y preparar comunicación preventiva si aumenta el calor."
2026-07-03T21:41:18+00:00,Aguas Buenas,18.256,-66.103,central_mountains,259,0,pop_proxy_no_qpf,0.192,20.0,50.0,80.0,81,9.1,112.5,24,0.0,ok,4.12,1.08,3.8554236802321102,0,7,17,1.9,0.2,0.0,0.0,0.0,0.0,0.5101116485889646,0.7021116485889647,0.5731645542103926,0.0,1.3041547783914926,0.26125,2.0595,0.2,0.0,0.0,-0.4999999999999997,-0.8660254037844388,-0.9659258262890684,-0.2588190451025206,84.33838497120016,-0.3826834323650897,0.9238795325112868,0.0560000000000009,-0.1970000000000027,0,0,0,0,1,bajo,10.710015510616048,bajo,bajo,pop_proxy_no_qpf,100.0,185.7,1.3,78.0,1,operación normal,sin señal crítica,sin señal crítica,sin señal crítica,central_mountains / prioridad 1,0.6.0,Aguas Buenas,False,,Otros municipios,Condición general baja. Mantener monitoreo de rutina.,Monitoreo normal,"Aguas Buenas: riesgo 11 de 100, lluvia estimada 0.70 pulgadas en 24 horas. Nivel bajo. Acción sugerida: Monitoreo normal. Condición general baja. Mantener monitoreo de rutina.","Aguas Buenas: temperatura 80.0 °F, sensación 84.3 °F, lluvia 24h 0.70 pulgadas, viento 9.1 mph desde ESE, riesgo operacional 11 de 100.",0.8.0,ESE,↖,0.029,actualizable cada minuto,0.9.0,"Aguas Buenas: temperatura 80.0 °F, sensación 84.3 °F, lluvia 24h 0.70 pulgadas, viento 9.1 mph desde ESE, riesgo operacional 11 de 100.",80.0,84.3,bajo,Monitoreo normal.,1.0.0,"Aguas Buenas: temperatura 80.0 °F, sensación térmica 84.3 °F, humedad 81 %, riesgo de calor bajo. Monitoreo normal."
2026-07-03T21:41:18+00:00,Aibonito,18.139,-66.266,central_mountains,720,0,pop_proxy_no_qpf,0.116,12.1,40.0,75.9,81,9.2,88.1,24,0.0,ok,9.94,0.0,2.8358838192238074,0,7,17,1.9,0.2,0.0,0.0,0.0,0.0,0.597024926125607,0.713024926125607,0.4728648306385237,0.0,1.2671381117248257,0.2635,1.9920714285714287,0.2,0.0,0.0,-0.4999999999999997,-0.8660254037844388,-0.9659258262890684,-0.2588190451025206,75.9,0.0331551783885264,0.9994502159417572,-0.0609999999999999,-0.0339999999999918,0,0,0,0,1,bajo,13.75446708986748,bajo,bajo,pop_proxy_no_qpf,100.0,190.3,1.27,80.0,1,operación normal,sin señal crítica,vigilar ríos/quebradas,sin señal crítica,central_mountains / prioridad 1,0.6.0,Aibonito,False,,Otros municipios,Condición general baja. Mantener monitoreo de rutina.,Monitoreo normal,"Aibonito: riesgo 14 de 100, lluvia estimada 0.71 pulgadas en 24 horas. Nivel bajo. Acción sugerida: Monitoreo normal. Condición general baja. Mantener monitoreo de rutina.","Aibonito: temperatura 75.9 °F, sensación 75.9 °F, lluvia 24h 0.71 pulgadas, viento 9.2 mph desde E, riesgo operacional 14 de 100.",0.8.0,E,←,0.03,actualizable cada minuto,0.9.0,"Aibonito: temperatura 75.9 °F, sensación 75.9 °F, lluvia 24h 0.71 pulgadas, viento 9.2 mph desde E, riesgo operacional 14 de 100.",75.9,75.9,bajo,Monitoreo normal.,1.0.0,"Aibonito: temperatura 75.9 °F, sensación térmica 75.9 °F, humedad 81 %, riesgo de calor bajo. Monitoreo normal."
2026-07-03T21:41:18+00:00,Anasco,18.282,-67.14,west,20,1,pop_proxy_no_qpf,0.172,17.9,70.0,82.2,83,4.6,102.2,24,14.7,ok,2.77,272.0,5.843419692148941,0,7,17,1.9,0.2,0.0,0.0,0.0,0.0,0.5883340752274511,0.760334075227451,0.4289027556548458,0.0,1.2366593974391118,0.269,1.872,0.2,0.0,0.0,-0.4999999999999997,-0.8660254037844388,-0.9659258262890684,-0.2588190451025206,90.06532517762385,-0.2113247964553886,0.977415894286096,0.0820000000000007,0.8400000000000034,0,0,1,0,0,bajo,23.74867482750196,vigilancia,bajo,pop_proxy_no_qpf;mrms_forecast_gap,100.0,232.4,1.24,81.0,3,preparar comunicación preventiva,sin señal crítica,sin señal crítica,sin señal crítica,west / prioridad 3,0.6.0,Anasco,False,,Otros municipios,Condición que merece observación. Preparar comunicación preventiva si el evento aumenta.,Preparar comunicación preventiva,"Anasco: riesgo 24 de 100, lluvia estimada 0.76 pulgadas en 24 horas. Nivel vigilancia. Acción sugerida: Preparar comunicación preventiva. Condición que merece observación. Preparar comunicación preventiva si el evento aumenta.","Anasco: temperatura 82.2 °F, sensación 90.1 °F, lluvia 24h 0.76 pulgadas, viento 4.6 mph desde ESE, riesgo operacional 24 de 100.",0.8.0,ESE,←,0.032,actualizable cada minuto,0.9.0,"Anasco: temperatura 82.2 °F, sensación 90.1 °F, lluvia 24h 0.76 pulgadas, viento 4.6 mph desde ESE, riesgo operacional 24 de 100.",82.2,90.1,vigilancia,Observar cambios durante la tarde y preparar comunicación preventiva si aumenta el calor.,1.0.0,"Anasco: temperatura 82.2 °F, sensación térmica 90.1 °F, humedad 83 %, riesgo de calor vigilancia. Observar cambios durante la tarde y preparar comunicación preventiva si aumenta el calor."
2026-07-03T21:41:18+00:00,Arecibo,18.472,-66.716,north_coast,10,1,pop_proxy_no_qpf,0.121,12.6,70.0,82.5,82,13.3,92.8,24,0.5,ok,3.43,59.8,4.001651514248563,0,7,17,1.9,0.2,0.0,0.0,0.0,0.0,0.4760062809921494,0.5970062809921495,0.3859570001557976,0.0,1.104892730772445,0.1709999999999999,1.821,0.0,0.0,0.0,-0.4999999999999997,-0.8660254037844388,-0.9659258262890684,-0.2588190451025206,90.54591988119978,-0.0488497697956132,0.998806137341434,0.272000000000002,0.4159999999999968,1,0,0,0,0,bajo,10.282069090913645,bajo,bajo,pop_proxy_no_qpf,100.0,153.5,1.1,83.0,1,operación normal,sin señal crítica,sin señal crítica,sin señal crítica,north_coast / prioridad 1,0.6.0,Arecibo,False,,Otros municipios,Condición general baja. Mantener monitoreo de rutina.,Monitoreo normal,"Arecibo: riesgo 10 de 100, lluvia estimada 0.60 pulgadas en 24 horas. Nivel bajo. Acción sugerida: Monitoreo normal. Condición general baja. Mantener monitoreo de rutina.","Arecibo: temperatura 82.5 °F, sensación 90.5 °F, lluvia 24h 0.60 pulgadas, viento 13.3 mph desde E, riesgo operacional 10 de 100.",0.8.0,E,←,0.025,actualizable cada minuto,0.9.0,"Arecibo: temperatura 82.5 °F, sensación 90.5 °F, lluvia 24h 0.60 pulgadas, viento 13.3 mph desde E, riesgo operacional 10 de 100.",82.5,90.5,vigilancia,Observar cambios durante la tarde y preparar comunicación preventiva si aumenta el calor.,1.0.0,"Arecibo: temperatura 82.5 °F, sensación térmica 90.5 °F, humedad 82 %, riesgo de calor vigilancia. Observar cambios durante la tarde y preparar comunicación preventiva si aumenta el calor."
2026-07-03T21:41:18+00:00,Arroyo,17.965,-66.061,south_coast,16,1,pop_proxy_no_qpf,0.281,29.2,60.0,82.5,75,12.2,84.4,24,0.2,ok,2.58,19.7,2.900256810967151,0,7,17,1.9,0.2,0.0,0.0,0.0,0.0,0.5094647072747537,0.7904647072747537,0.3752030604022803,0.0576563324976,1.2723500641057783,0.381,1.981,0.2,0.0,0.0,-0.4999999999999997,-0.8660254037844388,-0.9659258262890684,-0.2588190451025206,88.635300015925,0.0975828997591494,0.9952273999818312,-0.2349999999999994,-0.2389999999999901,0,1,0,0,0,bajo,10.78511178002229,bajo,bajo,pop_proxy_no_qpf,100.0,179.7,1.21,82.0,1,operación normal,sin señal crítica,sin señal crítica,sin señal crítica,south_coast / prioridad 1,0.6.0,Arroyo,False,,Otros municipios,Condición general baja. Mantener monitoreo de rutina.,Monitoreo normal,"Arroyo: riesgo 11 de 100, lluvia estimada 0.79 pulgadas en 24 horas. Nivel bajo. Acción sugerida: Monitoreo normal. Condición general baja. Mantener monitoreo de rutina.","Arroyo: temperatura 82.5 °F, sensación 88.6 °F, lluvia 24h 0.79 pulgadas, viento 12.2 mph desde E, riesgo operacional 11 de 100.",0.8.0,E,←,0.033,actualizable cada minuto,0.9.0,"Arroyo: temperatura 82.5 °F, sensación 88.6 °F, lluvia 24h 0.79 pulgadas, viento 12.2 mph desde E, riesgo operacional 11 de 100.",82.5,88.6,bajo,Monitoreo normal.,1.0.0,"Arroyo: temperatura 82.5 °F, sensación térmica 88.6 °F, humedad 75 %, riesgo de calor bajo. Monitoreo normal."
2026-07-03T21:41:18+00:00,Barceloneta,18.45,-66.538,north_coast,15,1,pop_proxy_no_qpf,0.102,10.6,60.0,82.2,82,12.5,95.6,24,0.0,,10.5,128.0,4.409656937147905,0,7,17,1.9,0.2,0.0,0.0,0.0,0.0,0.4676755486440907,0.5696755486440908,0.4062279735944467,0.0,1.0897200641057785,0.1644999999999999,1.802,0.0,0.0,0.0,-0.4999999999999997,-0.8660254037844388,-0.9659258262890684,-0.2588190451025206,89.73717685365592,-0.0975828997591493,0.9952273999818312,0.25,0.2379999999999995,1,0,0,0,0,bajo,11.516431035085,bajo,bajo,pop_proxy_no_qpf,98.30508474576273,156.7,1.09,83.0,1,operación normal,sin señal crítica,vigilar ríos/quebradas,sin señal crítica,north_coast / prioridad 1,0.6.0,Barceloneta,False,,Otros municipios,Condición general baja. Mantener monitoreo de rutina.,Monitoreo normal,"Barceloneta: riesgo 12 de 100, lluvia estimada 0.57 pulgadas en 24 horas. Nivel bajo. Acción sugerida: Monitoreo normal. Condición general baja. Mantener monitoreo de rutina.","Barceloneta: temperatura 82.2 °F, sensación 89.7 °F, lluvia 24h 0.57 pulgadas, viento 12.5 mph desde E, riesgo operacional 12 de 100.",0.8.0,E,←,0.024,actualizable cada minuto,0.9.0,"Barceloneta: temperatura 82.2 °F, sensación 89.7 °F, lluvia 24h 0.57 pulgadas, viento 12.5 mph desde E, riesgo operacional 12 de 100.",82.2,89.7,bajo,Monitoreo normal.,1.0.0,"Barceloneta: temperatura 82.2 °F, sensación térmica 89.7 °F, humedad 82 %, riesgo de calor bajo. Monitoreo normal."
2026-07-03T21:41:18+00:00,Barranquitas,18.186,-66.306,central_mountains,640,0,pop_proxy_no_qpf,0.108,11.2,50.0,76.0,86,8.2,95.6,24,0.0,,2.88,1.98,1.704974908596948,0,7,17,1.9,0.2,0.0,0.0,0.0,0.0,0.5933405622203098,0.7013405622203098,0.5080956093381241,0.0,1.2775727783914923,0.267,2.0051428571428564,0.2,0.0,0.0,-0.4999999999999997,-0.8660254037844388,-0.9659258262890684,-0.2588190451025206,76.0,-0.0975828997591493,0.9952273999818312,-0.0139999999999993,0.0060000000000002,0,0,0,0,1,bajo,10.080515726554218,bajo,bajo,pop_proxy_no_qpf,98.30508474576273,177.2,1.28,79.0,1,operación normal,sin señal crítica,sin señal crítica,sin señal crítica,central_mountains / prioridad 1,0.6.0,Barranquitas,False,,Otros municipios,Condición general baja. Mantener monitoreo de rutina.,Monitoreo normal,"Barranquitas: riesgo 10 de 100, lluvia estimada 0.70 pulgadas en 24 horas. Nivel bajo. Acción sugerida: Monitoreo normal. Condición general baja. Mantener monitoreo de rutina.","Barranquitas: temperatura 76.0 °F, sensación 76.0 °F, lluvia 24h 0.70 pulgadas, viento 8.2 mph desde E, riesgo operacional 10 de 100.",0.8.0,E,←,0.029,actualizable cada minuto,0.9.0,"Barranquitas: temperatura 76.0 °F, sensación 76.0 °F, lluvia 24h 0.70 pulgadas, viento 8.2 mph desde E, riesgo operacional 10 de 100.",76.0,76.0,bajo,Monitoreo normal.,1.0.0,"Barranquitas: temperatura 76.0 °F, sensación térmica 76.0 °F, humedad 86 %, riesgo de calor bajo. Monitoreo normal."
2026-07-03T21:41:18+00:00,Bayamon,18.399,-66.156,north_coast,16,0,pop_proxy_no_qpf,0.192,20.0,60.0,84.0,79,11.5,98.4,24,0.0,,1.03,2.19,2.556044843176664,0,7,17,1.9,0.2,0.0,0.0,0.0,0.0,0.3876787040444856,0.5796787040444856,0.5175811172463678,0.0,1.176365587915302,0.2545,1.825333333333333,0.2,0.0,0.0,-0.4999999999999997,-0.8660254037844388,-0.9659258262890684,-0.2588190451025206,93.75474693520007,-0.1460830285624117,0.9892723329629884,0.1990000000000016,-0.1439999999999912,1,0,0,0,0,bajo,6.8914657444893415,bajo,bajo,pop_proxy_no_qpf,98.30508474576273,149.5,1.18,80.0,1,operación normal,sin señal crítica,sin señal crítica,sin señal crítica,north_coast / prioridad 1,0.6.0,Bayamon,False,,Otros municipios,Condición general baja. Mantener monitoreo de rutina.,Monitoreo normal,"Bayamon: riesgo 7 de 100, lluvia estimada 0.58 pulgadas en 24 horas. Nivel bajo. Acción sugerida: Monitoreo normal. Condición general baja. Mantener monitoreo de rutina.","Bayamon: temperatura 84.0 °F, sensación 93.8 °F, lluvia 24h 0.58 pulgadas, viento 11.5 mph desde E, riesgo operacional 7 de 100.",0.8.0,E,←,0.024,actualizable cada minuto,0.9.0,"Bayamon: temperatura 84.0 °F, sensación 93.8 °F, lluvia 24h 0.58 pulgadas, viento 11.5 mph desde E, riesgo operacional 7 de 100.",84.0,93.8,vigilancia,Observar cambios durante la tarde y preparar comunicación preventiva si aumenta el calor.,1.0.0,"Bayamon: temperatura 84.0 °F, sensación térmica 93.8 °F, humedad 79 %, riesgo de calor vigilancia. Observar cambios durante la tarde y preparar comunicación preventiva si aumenta el calor."
2026-07-03T21:41:18+00:00,Cabo Rojo,18.086,-67.145,west,10,1,pop_proxy_no_qpf,0.084,8.8,30.0,82.2,84,9.7,99.4,24,0.0,,1.53,6.14,3.3695446312057347,0,7,17,1.9,0.2,0.0,0.0,0.0,0.0,0.6424930498130852,0.7264930498130852,0.3038306439857622,0.080440116709045,1.194799385277438,0.14625,1.7839999999999998,0.0,0.0,0.0,-0.4999999999999997,-0.8660254037844388,-0.9659258262890684,-0.2588190451025206,90.25919026806407,-0.1633259622416224,0.9865721616069694,-0.1140000000000007,0.8449999999999989,0,0,1,0,0,bajo,8.756423547943937,bajo,bajo,pop_proxy_no_qpf,98.30508474576273,156.8,1.11,85.0,1,operación normal,sin señal crítica,sin señal crítica,sin señal crítica,west / prioridad 1,0.6.0,Cabo Rojo,False,,Otros municipios,Condición general baja. Mantener monitoreo de rutina.,Monitoreo normal,"Cabo Rojo: riesgo 9 de 100, lluvia estimada 0.73 pulgadas en 24 horas. Nivel bajo. Acción sugerida: Monitoreo normal. Condición general baja. Mantener monitoreo de rutina.","Cabo Rojo: temperatura 82.2 °F, sensación 90.3 °F, lluvia 24h 0.73 pulgadas, viento 9.7 mph desde E, riesgo operacional 9 de 100.",0.8.0,E,←,0.03,actualizable cada minuto,0.9.0,"Cabo Rojo: temperatura 82.2 °F, sensación 90.3 °F, lluvia 24h 0.73 pulgadas, viento 9.7 mph desde E, riesgo operacional 9 de 100.",82.2,90.3,vigilancia,Observar cambios durante la tarde y preparar comunicación preventiva si aumenta el calor.,1.0.0,"Cabo Rojo: temperatura 82.2 °F, sensación térmica 90.3 °F, humedad 84 %, riesgo de calor vigilancia. Observar cambios durante la tarde y preparar comunicación preventiva si aumenta el calor."
